Date,News Source,Title,Description,URL of Article,Duplicate
1/23/2021,"Business Standard","Reliance Industries Q3 Consolidated Pat At Rs 13,101 Cr, Up 12.5% Yoy","Topline takes a hit by 21% as Covid-19 impacts operations, sales","/article/companies/reliance-indreliance-industries-net-profit-rises-12-5-to-rs-13-101-crore-in-q3ustries-net-profit-rises-12-5-to-rs-13-101-crore-in-q3-121012201334_1.html",0
1/22/2021,"Business Standard","Reliance Retail Q3 Revenue Declines 9.7% To Rs 33,018 Crore; Profit Surges","Yearly numbers are not comparable, RIL said, since the petro retail business, which makes up 40 per cent of the company's retail revenues, has been de...","/article/companies/reliance-retail-q3-revenue-declines-9-7-to-rs-33-018-crore-profit-surges-121012201375_1.html",0
1/22/2021,"Press Trust of India","Reliance Jio Net Profit Rises 15.5% To Rs 3,489 Crore In December Quarter","Jio Platforms, which provides digital and telecom services, had posted a net profit of Rs 3,020 crore in the previous quarter","/article/companies/reliance-jio-net-profit-rises-15-5-to-rs-3-489-crore-in-december-quarter-121012201277_1.html",0
1/22/2021,"Business Standard","Reliance Retail Pre-Tax Profit Rises 11.8% At Rs 3,102 Crore In Q3","The retail arm of Reliance Industries had posted a pre-tax profit or EBITDA (earnings before interest, tax, depreciation and amortisation) of Rs 2,736...","/article/companies/reliance-retail-pre-tax-profit-rises-11-8-at-rs-3-102-crore-in-q3-121012201352_1.html",0
1/22/2021,"Business Standard","Sensex Ends At Day'S Low, Down 746 Pts ; Bajaj Auto Jumps 11%; Ril Down 2%","Shares of Reliance Industries ended 2.4 per cent lower on Friday ahead of the announcement of its December quarter results. The shares have surged aro...","/article/markets/market-live-markets-sgx-nifty-reliance-industries-ril-hdfc-life-bse-121012200157_1.html",0
1/22/2021,"Business Standard","Sbi, Itc, Titan: Over 50% Of Sensex Constituents Look Weak On Charts","Technical indicators show that Bharti Airtel, Sun Pharmaceutical Industries, and ONGC are not showing an optimistic view from a short-term perspective","/article/markets/sbi-itc-titan-over-50-of-sensex-constituents-look-weak-on-charts-121012200481_1.html",0
1/22/2021,"Business Standard","Stocks To Watch: Ril, Yes Bank, Vedanta, Hdfc Bank, Sbi Card, Biocon","SBI Cards and Payment Services reported nearly 52 per cent dip in its net profit to Rs 210 crore in the third quarter ended December 2020","/article/markets/stocks-to-watch-ril-yes-bank-vedanta-hdfc-bank-sbi-card-biocon-121012200170_1.html",0
1/21/2021,"Business Standard","Road To 50K: Sensex Jumps 10,000 Pts In 74 Sessions; These Are Top Gainers","During the 74 sessions, the market capitalisation of the listed firms on BSE soared by Rs 38.55 trillion to Rs 199 trillion","/article/markets/road-to-50k-sensex-jumps-10-000-pts-in-74-sessions-these-are-top-gainers-121012100559_1.html",0
1/21/2021,"Business Standard","Ril Hits Over 2-Month High On Sebi Nod To Future Group-Reliance Retail Deal","Sebi gave a go-ahead to Future Group's scheme of arrangement and sale of assets to Reliance","/article/markets/reliance-industries-gains-for-fourth-straight-day-hits-over-2-month-high-121012100307_1.html",0
1/21/2021,"Business Standard","Stocks To Watch: Ril, Axis Bank, Bajaj Auto, Bajaj Finance, Lauras Labs","Competition Commission of India approved the acquisition of stake in Max Life Insurance by Axis Bank, Axis Capital and Axis Securities","/article/markets/stocks-to-watch-ril-axis-bank-bajaj-auto-bajaj-finance-lauras-labs-121012100202_1.html",0
1/21/2021,"Press Trust of India","Reliance-Future Deal Gets Sebi Nod, Bse 'No-Adverse-Observation' Status","The Securities and Exchange Board of India (SEBI) allowed the deal with some riders, five months after it was announced last August","/article/companies/reliance-future-deal-gets-sebi-nod-bse-no-adverse-observation-status-121012100105_1.html",0
1/20/2021,"Business Standard","Rebound In Petchem, Retail Business To Drive Ril Q3; Jiomart Road Map Eyed","JPMorgan would focus on Reliance Industries' management's commentary on Jio Platforms, and Jio Mart rollout","/article/markets/rebound-in-petchem-retail-business-to-drive-ril-q3-jiomart-road-map-eyed-121012000691_1.html",0
1/20/2021,"Business Standard","Lupin, Reliance Industries: Stock Picks By Ajit Mishra Of Religare Broking","We're seeing consistent buying interest in the pharma pack and Lupin is also catching up with the other pharma majors","/article/markets/lupin-reliance-industries-stock-picks-by-ajit-mishra-of-religare-broking-121012000129_1.html",0
1/15/2021,"Reuters","Stores Closed By Farmer Protests Cost Reliance, Walmart Millions In Revenue","In November, Punjab estimated economic losses from the protests at $4 billion, while one industry group has pegged the overall hit to India's economy ...","/article/current-affairs/stores-closed-by-farmer-protests-cost-reliance-walmart-millions-in-revenue-121011400764_1.html",0
1/15/2021,"Business Standard","Tcs Market Capitalisation Touches All-Time High Of Rs 12 Trillion","Currently, TCS is India's second most valuable firm after Reliance Industries (RIL) which has a market cap of nearly Rs 12.9 trillion (includes market...","/article/companies/tcs-market-capitalisation-hits-all-time-high-of-rs-12-2-trillion-121011401441_1.html",0
1/12/2021,"Business Standard","Amazon Urges Sebi To Suspend Review Of $3.4 Billion Future-Ril Deal","Amazon also urged Sebi about not granting any no-objection in relation to the same and directing the Indian Stock Exchanges not to issue any no-object...","/article/companies/amazon-urges-sebi-to-suspend-review-of-3-4-billion-future-ril-deal-121011101479_1.html",0
1/6/2021,"Business Standard","Stocks To Watch: Hdfc Bank, Ril, Bpcl, Oil India, Indigo, Csb Bank, Gcpl","HDFC is planning to raise up to Rs 5,000 crore by issuing bonds on private placement basis","/article/markets/stocks-to-watch-hdfc-bank-ril-bpcl-oil-india-indigo-cbs-bank-gcpl-121010600196_1.html",0
1/5/2021,"Business Standard","Mukesh Ambani Gets Ready To Alchemise Reliance Industries Into A Tech Giant","Analysts say Ambani offered an opportunity to many global tech companies who were hesitant about negotiating the myriad regulatory challenges in India","/article/companies/ril-was-a-giant-disruptor-in-2020-but-hasn-t-found-a-tech-flywheel-yet-121010401269_1.html",0
1/4/2021,"Business Standard","Reliance Denies Allegations Of Engaging In Contract Farming, Buying Land","RIL has moved the Punjab and Harayana High Court seeking action against destruction of its telecom assets","/article/companies/reliance-denies-allegations-of-engaging-in-contract-farming-buying-land-121010400385_1.html",0
1/4/2021,"Business Standard","Ril Approaches Pb & Hry Hc Seeking End To Vandalism Of Jio Towers In Punjab","Petition states that RIL has not done any 'corporate' or contract farming in the past and has no intention of doing so in the future","/article/companies/tower-damages-reliance-approaches-hc-seeking-directions-to-end-vandalism-121010400280_1.html",0
1/4/2021,"Business Standard","Stocks To Watch: Rcfl, Tata Motors, Ril, Beml, Cadila Health, Adani Green","Tata Motors reported a 21 per cent increase in total vehicle sales in the domestic market to 53,430 units in December","/article/markets/stocks-to-watch-rcfl-tata-motors-ril-beml-cadila-health-adani-green-121010400130_1.html",0
1/3/2021,"Business Standard","Explained: How Farmer Protest Against Reliance Jio Rang Out In Punjab","Online classes, mobile banking, railway bookings, e-medicine services take a hit","/article/companies/explained-how-farmer-protest-against-reliance-jio-rang-out-in-punjab-121010300856_1.html",0
12/31/2020,"Business Standard","Reliance Jio Makes Domestic Calls To All Networks Free From January 1","The telco has revoked interconnect usage charges following Trai's announcement earlier this month that the IUC termination for all domestic voice call...","/article/companies/reliance-jio-to-revoke-iuc-on-off-net-domestic-voice-calls-from-january-1-120123100631_1.html",0
12/31/2020,"Business Standard","Cycle Indicators That Traders Can Use To Predict Stock Movement","The two major cyclical indicators that assists in identifying the shift in cyclical trend are: Commodity Channel Index (CCI) and Detrended Price Oscil...","/article/markets/cycle-indicators-that-traders-can-use-to-predict-stock-movement-120123100174_1.html",0
12/31/2020,"Press Trust of India","Reliance-Bp Invites Bids For Gas From Kg-D6, Priced Against Int'L Benchmark","Reliance and its partner UK's BP invited companies to bid for incremental gas it plans to produce from the second-wave discoveries in the KG-D6 block","/article/pti-stories/reliance-bp-invites-bids-for-7-5-mmscmd-of-gas-from-kg-d6-priced-against-international-benchmark-120123000652_1.html",0
12/30/2020,"Business Standard","Covid-19, Us Polls, Atmanirbhar Bharat: Events That Moved Markets In 2020","As we stand ready to draw curtains on 2020 and welcome 2021, here are some events that shaped markets this year","/article/markets/covid-19-us-polls-atmanirbhar-bharat-events-that-moved-markets-in-2020-120122900508_1.html",0
12/30/2020,"Bloomberg","Mukesh Ambani Sold Dreams To Tech Giants For $27 Bn. Now He Has To Deliver","Investors are watching Ambani's every move as he overhauls his empire -- with a market value of $179 billion -- in the middle of a pandemic","/article/companies/mukesh-ambani-sold-dreams-to-tech-giants-for-27-bn-now-he-has-to-deliver-120122900120_1.html",0
12/28/2020,"Business Standard","Stocks To Watch: Cadila Health, Niit, Beml, Dish Tv, Ril, Dlf, Coal India","The board of NIIT has approved buyback of 98.75 lakh equity shares of face value of Rs 2 each.","/article/markets/stocks-to-watch-cadila-health-niit-beml-dish-tv-ril-dlf-coal-india-120122800149_1.html",0
12/28/2020,"Business Standard","Share Of Family-Owned Firms In Total Market Capitalisation Rises To 64.5%","The combined m-cap of all private sector companies rose by 24.4 per cent this year to Rs 142.4 trillion as of December 24, up from Rs 114.5 trillion a...","/article/markets/share-of-family-owned-firms-in-total-market-capitalisation-rises-to-64-5-120122800012_1.html",0
12/26/2020,"Business Standard","India'S Super-Rich Club Sees 10 New Entrants In 2020; Wealth Up 33%","Ramdev, partner see biggest jump in wealth in percentage terms","/article/companies/india-s-super-rich-club-sees-10-new-entrants-in-2020-wealth-up-33-120122600030_1.html",0
12/23/2020,"Business Standard","Reliance Emerges As Biggest Wealth Creator Over Last 25 Years, Finds Study","Most of the gains came in the last five years, shows Motilal Oswal's annual wealth creation report","/article/companies/reliance-emerges-as-biggest-wealth-creator-over-last-25-years-finds-study-120122200954_1.html",0
12/21/2020,"Business Standard","Delhi Hc Rejects Future'S Plea For Interim Injunction Against Amazon","On August 29 this year, the Future Group announced sale of its retail and wholesale business to Reliance Retail in a Rs 24,713 crore deal","/article/companies/delhi-hc-to-give-verdict-on-future-amazon-case-over-asset-sale-to-ril-today-120122100141_1.html",0
12/21/2020,"Business Standard","Ril, L&T, Hdfc Bank: Strategies For Blue-Chip Stocks In A Range-Bound Mkt","The Mukesh Ambani-controlled RIL needs to decisively conquer Rs 2,070 mark to attract fresh buying","/article/markets/ril-l-t-hdfc-bank-strategies-for-blue-chip-stocks-in-a-range-bound-mkt-120122100275_1.html",0
12/21/2020,"Business Standard","Stocks To Watch: Ril, Infosys, Pvr, Sci, Canara Bank, Idbi Bank, Ongc","Life Insurance Corporation of India increased stake in Exide Industries to 5.5 per cent from 3.48 per cent earlier","/article/markets/stocks-to-watch-ril-infosys-pvr-sci-canara-bank-idbi-bank-ongc-120122100120_1.html",0
12/21/2020,"Press Trust of India","Market Value Of 8 Of 10 Most Valued Firms Zooms Rs 1.25 Trillion","HDFC, TCS, and Bajaj Finance emerged as the biggest gainers","/article/companies/market-value-of-8-of-10-most-valued-firms-zooms-rs-1-25-trillion-120122100034_1.html",0
12/20/2020,"Business Standard","Ril May Remain Underperformer For Now Amid Lack Of Fresh Triggers","A price hike in telecom can be a trigger in the near-term; gains in oil and retail businesses may play out after a while","/article/markets/ril-may-remain-underperformer-for-now-amid-lack-of-fresh-triggers-120122000697_1.html",0
12/20/2020,"Press Trust of India","Reliance, Bp To Get Govt Capped Price Of $4.06 For New Gas From Kg-D6","Reliance-BP in November 2019 auctioned initial gas from the R-Series field at a biddable percentage of Brent crude oil price","/article/pti-stories/reliance-bp-to-get-govt-capped-price-of-usd-4-06-for-new-gas-from-kg-d6-120122000438_1.html",0
12/19/2020,"Business Standard","Ril, Bp Find Gas From Kg Basin'S R-Cluster, Asia'S Deepest Offshore Field","The two companies are developing three deepwater gas projects in block KG D6, which together are expected to meet 15 per cent of India's gas demand by...","/article/companies/ril-bp-find-gas-from-kg-basin-s-r-cluster-asia-s-deepest-offshore-field-120121800860_1.html",0
12/8/2020,"Business Standard","Reliance Jio To Launch 5G Network In Second Half Of 2021: Mukesh Ambani","Mukesh Ambani asserted that Reliance Jio's 5G network will be powered by indigenous-developed network, hardware and technology components","/article/companies/reliance-jio-to-launch-5g-network-by-second-half-of-2021-say-mukesh-ambani-120120800350_1.html",0
12/8/2020,"Business Standard","Reliance Industries Up 3% On 5G Plans; Sees Rollout In Second Half Of 2021","Early this year, Mukesh Ambani had announced Reliance Jio's commercial pact with Google to jointly develop entry-level affordable 4G and possibly 5G s...","/article/markets/reliance-industries-up-3-on-5g-plans-sees-rollout-in-second-half-of-2021-120120800435_1.html",0
12/8/2020,"Press Trust of India","Jio To Roll Out 5G Services In India In Second Half Of 2021: Mukesh Ambani","""I assure you that Jio will pioneer the 5G Revolution in India in the second half of 2021. It will be powered by indigenous-developed network, hardwar...","/article/pti-stories/jio-to-launch-5g-services-in-second-half-of-2021-mukesh-ambani-120120800335_1.html",0
12/8/2020,"Bloomberg","India Rally Could Continue Next Year With Banks Taking Over As Ril Peaks","Reliance has accounted for nearly a fifth of the 75 per cent surge in the S&P BSE Sensex from its March bottom","/article/markets/india-rally-could-continue-in-fy21-with-banks-taking-over-as-reliance-peaks-120120800157_1.html",0
12/3/2020,"Press Trust of India","Future-Reliance Deal: Regulator Sebi Awaits Clarification Before Go-Ahead","In August, Reliance Industries announced acquisition of Future Group for Rs 24,713 crore to bolster its fast growing retail business.","/article/pti-stories/future-reliance-deal-sebi-awaits-clarification-before-go-ahead-120120301122_1.html",0
12/2/2020,"Business Standard","Is Reliance Industries' Stock Consolidating Ahead Of Its Next Big Up Move?","The next positive catalyst may be a sharp refining margin recovery, which is more of a H2CY21 story, says JP Morgan","/article/markets/is-reliance-industries-stock-consolidating-ahead-of-its-next-big-up-move-120120200329_1.html",0
11/27/2020,"Reuters","Battle Of The Billionaires: Bezos, Ambani Gun For India Retail Supremacy","The winner in the fight for Future Retail Ltd, Amazon's estranged local partner, will get pole position in the race to meet the daily needs of more th...","/article/companies/battle-of-the-billionaires-bezos-ambani-gun-for-india-retail-supremacy-120112700983_1.html",0
11/26/2020,"Business Standard","F&O Expiry: Sensex Gains 432 Pts, Settles At 44,260; Nifty Ends At 12,987","All that happened in the markets today","/article/markets/market-live-markets-sensex-nifty-bse-nse-sgx-nifty-siemens-hdfc-120112600141_1.html",0
11/24/2020,"Business Standard","Stocks To Watch: It, Aviation Stocks, Coal India, Ril, Au Small Fin Bank","Here's a list of stocks that may remain in focus today.","/article/markets/stocks-to-watch-it-aviation-stocks-coal-india-ril-au-small-fin-bank-120112400129_1.html",0
11/23/2020,"Business Standard","Ril, It Stocks Help Sensex Settle 195 Pts Higher; Nifty Ends Above 12,900","All that happened in the markets today","/article/markets/market-live-markets-sensex-nifty-bse-nse-sgx-nifty-ril-hdfc-bank-120112300114_1.html",0
11/23/2020,"Business Standard","Future Group Shares, Ril Gain After Cci Nod For Reliance Retail Deal","Future Retail and Future Lifestyle Fashions were locked in 10 per cent upper circuit at Rs 79 and Rs 90.30, respectively, on the BSE","/article/markets/future-group-shares-gain-after-cci-nod-for-reliance-retail-deal-120112300335_1.html",0
11/23/2020,"Business Standard","Stocks To Watch: Banks, Nbfcs, Bharti Airtel, Cg Power, Ril, Srei Infra","Here's a list of stocks that may remain in focus today.","/article/markets/stocks-to-watch-banks-nbfcs-bharti-airtel-cg-power-ril-srei-infra-120112300133_1.html",0
11/23/2020,"Press Trust of India","Five Of Top-10 Firms Lose Rs 1,07,160 Crore In M-Cap; Ril Top Laggard","Reliance Industries (RIL) emerged as the biggest loser","/article/companies/five-of-top-10-firms-lose-rs-1-07-160-crore-in-m-cap-ril-top-laggard-120112300026_1.html",0
11/20/2020,"Business Standard","Cci Gives Nod To Reliance-Future Deal Amid Legal Battle With Amazon","The two players have said that they will go ahead with the regulatory process despite Amazon's objections","/article/companies/cci-gives-nod-to-reliance-future-deal-amid-legal-battle-with-amazon-120112001249_1.html",0
11/20/2020,"Press Trust of India","Competition Watchdog Clears Reliance-Future Group Deal In Setback To Amazon","The Competition Commission has approved Reliance's proposed acquisition of retail, wholesale, logistics and warehousing businesses of Future Group.","",0
11/20/2020,"Business Standard","Do I Have To Ask Amazon Sitting In Us For Deal With Ril, Asks Future Retail","Future Retail which was represented by senior advocate Harish Salve told the court Future Retail does not need to seek permission from Amazon for any ...","/article/companies/for-deal-with-ril-i-have-to-ask-amazon-sitting-in-us-future-retail-lawyer-120111901446_1.html",0
11/19/2020,"Business Standard","Reliance Retail Completes Rs 47,265 Cr Fund Raise For 10% Stake Sale","Experts say a strategic investor may be inducted later as Reliance Retail prepares to fight Amazon, Walmart-Flipkart and DMart among others","/article/companies/reliance-retail-completes-rs-47-265-cr-fund-raise-for-10-stake-sale-120111901328_1.html",0
11/18/2020,"Business Standard","Telecom To Oil Firms: Q2 Results Give No Clear Sign Of Broad Revival","The economy is on the mend but sustained recovery will take time: that's the picture you get by studying the July-September quarter results of 1,286 l...","/article/companies/telecom-to-oil-firms-q2-results-give-no-clear-sign-of-broad-revival-120111800488_1.html",0
11/16/2020,"Business Standard","Reliance Retail Buys 96% Stake In Urban Ladder For Over Rs 182 Crore","The deal is expected to help Mukesh Ambani-headed RIL take on players such as Amazon, Flipkart, Ikea, and smaller rival Pepperfry","/article/companies/reliance-retail-buys-96-stake-in-urban-ladder-for-over-rs-182-crore-120111600049_1.html",0
11/16/2020,"Press Trust of India","Market Capitalisation Of 8 Of Top-10 Most Valued Firms Zooms Rs 1.9 Trn","Bajaj Finance emerged as the biggest gainer, reflecting bullish investor sentiment","/article/markets/market-capitalisation-of-8-of-top-10-most-valued-firms-zooms-rs-1-9-trn-120111500340_1.html",0
11/15/2020,"IANS","Reliance Retail Ventures Acquires 96% Holding In Urban Ladder For Rs 182 Cr","RRVL proposes to make a further investment of up to Rs 75 crore. The further investment is expected to be completed by December 2023","/article/companies/reliance-retail-ventures-acquires-96-holding-in-urban-ladder-for-rs-182-cr-120111500003_1.html",0
11/14/2020,"Press Trust of India","Ril Invests $50 Million In Bill Gates' Breakthrough Energy Ventures","In a filing to stock exchanges, Reliance said it would make the investment in tranches over the next 8 to 10 years","/article/companies/ril-invests-50-million-in-bill-gates-breakthrough-energy-ventures-120111400014_1.html",0
11/13/2020,"Business Standard","Stocks To Watch: Ril, Wipro, Eicher Motors, Tata Steel, Grasim, Tcs, Ongc","Here's a list of stocks that may trade actively in today's session.","/article/markets/stocks-to-watch-ril-wipro-eicher-motors-tata-steel-grasim-tcs-ongc-120111300192_1.html",0
11/13/2020,"Business Standard","Despite The Dispute With Amazon, New 'Future' Awaits Kishore Biyani","Despite the dispute with Amazon, Future group and Reliance seem determined to execute their nearly Rs 25,000-cr transaction. What is Kishore Biyani le...","/article/companies/despite-the-dispute-with-amazon-new-future-awaits-kishore-biyani-120111300094_1.html",0
11/11/2020,"Bloomberg","After Telecom, Mukesh Ambani Now Targets Online Retail With A Price War","Ratcheting up competition, Ambani's portals are offering blockbuster discounts of as much as 50% on sugary confections and other holiday staples like ...","/article/companies/after-telecom-mukesh-ambani-now-targets-online-retail-with-a-price-war-120111100216_1.html",0
11/6/2020,"Business Standard","Indices Rally For 5Th Straight Day, Sensex Up 553 Pts; Ril, Financials Gain","All that happened in the markets today","/article/markets/market-live-markets-sensex-nifty-bse-nse-sgx-nifty-biden-ril-trump-120110600172_1.html",0
11/6/2020,"Business Standard","Ril Gains 3% As Saudi Fund Invests Rs 9,555 Crore In Reliance Retail","RIL has now recovered 9 per cent in past three trading days and erased most its losses reported post September quarter results","/article/markets/ril-up-3-as-saudi-fund-invests-rs-9-555-crore-in-reliance-retail-ventures-120110600307_1.html",0
11/5/2020,"Business Standard","Sat Dismisses Ril Appeal Against Sebi Order Seeking Payment Of Rs 447 Cr","While dismissing RIL's appeal, SAT directed the company to pay Rs 447 crore along with a simple interest of 12 per cent from November 2007 within 60 d...","/article/companies/sat-dismisses-ril-appeal-against-sebi-order-seeking-payment-of-rs-447-cr-120110501784_1.html",0
11/5/2020,"Business Standard","Saudi Arabia'S Wealth Fund Buys 2.04% Stake In Reliance Retail Ventures","Saudi Crown Prince Mohammed bin Salman bin Abdulaziz Al Saud (colloquially known as MBS) is the chairman of PIF","/article/companies/saudi-arabia-s-wealth-fund-buys-2-04-stake-in-reliance-retail-ventures-120110501783_1.html",0
11/3/2020,"Bloomberg","Ambani Vs Bezos: A $3.4 Bn Battle For A Pole Position In Indian Market","By seeking to stall Ambani's purchase of Future, Bezos may be signaling that he would rather remain a rival","/article/companies/ambani-vs-bezos-a-3-4-bn-battle-for-a-pole-position-in-indian-market-120110300182_1.html",0
11/3/2020,"Business Standard","Widening Gap: Why Ril Earnings Have Lagged Behind The Rise In Its M-Cap","Its m-cap is up 150 per cent in 12 quarters, against 24 per cent cumulative growth in net profit","/article/companies/widening-gap-why-ril-earnings-have-lagged-behind-the-rise-in-its-m-cap-120110201607_1.html",0
11/2/2020,"Business Standard","Bank Nifty Posts Biggest Gain In 5 Months, Offsets Reliance Losses","Catch-up rally in banking stocks on better-than-expected Q2; analysts expect the momentum to sustain","/article/markets/bank-nifty-posts-biggest-gain-in-5-months-offsets-reliance-losses-120110201812_1.html",0
11/2/2020,"Business Standard","Markets: Indices End Choppy Trade Higher; Sensex Up 144 Pts; Ril Sinks 9%","All that happened in the markets today","/article/markets/market-live-markets-sensex-nifty-bse-nse-sgx-nifty-ril-hdfc-ntpc-120110200133_1.html",0
11/2/2020,"Business Standard","Is Ril'S Dream Run At The Bourses Over? Check What Technical Charts Suggest","Shares of Reliance Industries (RIL) slipped over 5 per cent on Monday morning to Rs 1,948 levels, reacting to the September 2020 quarter numbers relea...","/article/markets/is-ril-s-dream-run-at-the-bourses-over-check-what-technical-charts-suggest-120110200329_1.html",0
11/2/2020,"Business Standard","Reliance Industries Slips 5.5% Post Q2 Results, Hits Over Three-Month Low","Key downside risks to the RIL stock include deterioration in refining margins, continued weakness in petrochemical margins, and sharper rupee apprecia...","/article/markets/reliance-industries-slips-5-5-post-q2-results-hits-over-three-month-low-120110200241_1.html",0
11/2/2020,"Business Standard","Stocks To Watch: Ril, Icici Bank, Maruti, M&M, Hero Moto, Indusind Bk, Hdfc","Here's a list of stocks that may trade actively in today's session","/article/markets/stocks-to-watch-ril-icici-bank-maruti-m-m-hero-moto-indusind-bk-hdfc-120110200143_1.html",0
11/2/2020,"Business Standard","Stock Suggestions By Vaishali Parekh: Buy Reliance Industries, Tata Motors","The stock of Reliance Industries (RIL) has recently corrected well and now has shown signs of bottoming out near 2,000 levels","/article/markets/stock-suggestions-by-vaishali-parekh-buy-reliance-industries-tata-motors-120110200137_1.html",0
11/1/2020,"Business Standard","Ril To Go For More Acquisitions To Boost Jiomart, Take On Amazon, Flipkart","Speculation had also mounted of possible acquisitions of Urban Ladder and Milkbasket in online furniture and grocery delivery spaces respectively, tho...","/article/companies/ril-to-go-for-more-acquisitions-to-boost-jiomart-take-on-amazon-flipkart-120110100349_1.html",0
11/1/2020,"Business Standard","Retail, Telecom Rebound To Boost Near-Term Sentiment For Ril Stock: Experts","The two segments account for half the consolidated operating profit, with retail being the key outperformer in Q2","/article/companies/retail-telecom-rebound-to-boost-near-term-sentiment-for-ril-stock-experts-120110100633_1.html",0
10/31/2020,"Business Standard","Ril Profit Slips 15% To Rs 9,567 Crore As Covid-19 Hits Oil Business","Revenue in line with estimates; profits beat expectations partly due to lower taxes; Ebitda for refining biz declines 21.4% QoQ","/article/companies/ril-profit-slips-15-to-rs-9-567-crore-as-covid-19-hits-oil-business-120103100012_1.html",0
10/30/2020,"Business Standard","Market Wrap: Sensex Ends Choppy Session 136 Pts Lower; Nifty Ends At 11,642","Catch all the live market updates here.","/article/markets/market-live-markets-sensex-nifty-bse-nse-sgx-nifty-ril-voda-idea-120103000180_1.html",0
10/30/2020,"Business Standard","Stocks To Watch: Tata Group Stocks, Ril, Voda Idea, Hpcl, Canara Bank, Mcx","Here's a list of stocks that may trade actively in today's session.","/article/markets/stocks-to-watch-tata-group-stocks-ril-voda-idea-hpcl-canara-bank-mcx-120103000203_1.html",0
10/27/2020,"Business Standard","Future Group-Amazon Legal Tussle: What Are The Challenges Ahead","Experts share their insights on the enforceability of SIAC's interim order in India and the legal options before the players, namely Future group, Ama...","/article/companies/future-group-amazon-legal-tussle-what-are-the-challenges-ahead-120102601389_1.html",0
10/26/2020,"Press Trust of India","Bp Eyes India'S Fuel Market, Wants Natural Gas Under Gst Regime","BP Group chief executive Bernard Looney said his firm in partnership with Reliance will set up 5,500 retail sites for petrol and diesel; also offer mo...","/article/companies/bp-eyes-india-s-fuel-market-wants-natural-gas-under-gst-regime-120102601125_1.html",0
10/26/2020,"Business Standard","Market Wrap: Sensex Tanks 540 Pts In Broad-Based Sell-Off, India Vix Up 5%","All that happened in the markets today","/article/markets/market-live-markets-sensex-nifty-bse-nse-sgx-nifty-covid-19-nestle-120102600114_1.html",0
10/26/2020,"Business Standard","Future Retail, Indusind Bank, L&T: How To Trade These News-Driven Stocks?","After facing resistance at the 100-day moving average (DMA), placed at Rs 925, L&T has now managed to conquer the level decisively.","/article/markets/future-retail-indusind-bank-how-to-trade-these-news-driven-stocks-120102600295_1.html",0
10/26/2020,"Business Standard","Future Group Stocks Under Pressure As Deal With Reliance Put On Hold","Reliance Industries, too, dipped 2 per cent on the BSE","/article/markets/future-group-stocks-under-pressure-as-future-reliance-deal-put-on-hold-120102600259_1.html",0
10/26/2020,"Business Standard","Stocks To Watch: Nestle, Jsw Steel, Tech Mahindra, Polycab, Sbi Life, L&T","Here's a list of stocks that may trade actively in today's session.","/article/markets/stocks-to-watch-nestle-jsw-steel-tech-mahindra-polycab-sbi-life-l-t-120102600127_1.html",0
10/26/2020,"Press Trust of India","Reliance Industries Restores Salary, Offers Bonus In Hydrocarbon Arm","The firm is also offering an advance 30 per cent of the variable pay from the next year's salary to its employees, as a goodwill gesture for working d...","/article/companies/reliance-industries-restores-salary-offers-bonus-in-hydrocarbon-arm-120102600010_1.html",0
10/22/2020,"Press Trust of India","Foreign Investor Holding In Reliance Industries Rises To Record 27.2% In Q2","Reliance Industries (RIL) on Thursday filed a statement showing the shareholding pattern for the quarter ended September 30","/article/companies/foreign-investor-holding-in-reliance-industries-rises-to-record-27-2-in-q2-120102201367_1.html",0
10/21/2020,"Business Standard","Stocks To Watch: Reliance Ind, Prabhat Dairy, Bajaj Finance, Motherson Sumi","Here is a list of stocks that may trade actively today","/article/markets/stocks-to-watch-reliance-ind-prabhat-dairy-bajaj-finance-motherson-sumi-120102100179_1.html",0
10/21/2020,"Business Standard","Time To Invest In Cyclicals As Economic Recovery Gathers Steam: Analysts","Despite the large economic impact of the Covid-19 pandemic, the markets have recovered sharply even though the performance among individual stocks has...","/article/markets/time-to-invest-in-cyclicals-as-economic-recovery-gathers-steam-analysts-120102000260_1.html",0
10/17/2020,"Business Standard","Chris Wood Hikes Allocation To Indian Equities; Raises Stake In Hdfc","Among Indian stocks, besides HDFC, Wood also holds Reliance Industries (RIL), Maruti Suzuki, SBI Life Insurance, DLF and Cipla","/article/markets/chris-wood-hikes-allocation-to-indian-equities-raises-stake-in-hdfc-120101600336_1.html",0
10/16/2020,"Business Standard","Reliance Deals Accounted For 40% Of All Pe-Vc Investments In Jan-Sep 2020","Overall, private equity and venture capital firms' investments in Indian companies during the first nine months of 2020 declined 21% by value on a yea...","/article/companies/reliance-deals-accounted-for-40-of-all-pe-vc-investments-in-jan-sep-2020-120101500556_1.html",0
10/15/2020,"Business Standard","Ril'S Retail Arm Receives Rs 5,550 Crore From Private Equity Firm Kkr","Reliance Retail has raised Rs 37,710 cr from multiple investors so far","/article/companies/ril-s-retail-arm-receives-rs-5-550-crore-from-private-equity-firm-kkr-120101501737_1.html",0
10/15/2020,"Business Standard","These Tata, Birla, Ambani Group Stocks Can Make You Rich. Check Key Levels","From a medium-term perspective, these 6 stocks should provide a good upside from the current levels. Also, these stocks can mitigate the risks in port...","/article/markets/these-tata-birla-ambani-group-stocks-can-make-you-rich-check-key-levels-120101500531_1.html",0
10/13/2020,"Business Standard","Reliance Jio, Bharti Airtel Ring In Active Vs Inactive Subscriber Battle","Jio had over 87 million users who were inactive customers in June. That means only 78.15 per cent of its total subscriber base was active","/article/companies/reliance-jio-bharti-airtel-ring-in-active-vs-inactive-subscriber-battle-120101300051_1.html",0
10/12/2020,"Business Standard","Private Equity Firm Blackstone Seeks Clarity On Reliance-Future Deal","Fate of PE firm's Rs 1,750-crore investment remains uncertain","/article/companies/private-equity-firm-blackstone-seeks-clarity-on-reliance-future-deal-120101100948_1.html",0
10/9/2020,"Business Standard","Amazon'S Arbitration Proceedings Against Future Group May Start From Nov","This follows a dispute over the Future's sale of its retail and wholesale businesses to Reliance Industries Ltd (RIL)","/article/companies/amazon-s-arbitration-proceedings-against-future-group-may-start-from-nov-120100901482_1.html",0
10/9/2020,"Business Standard","Bse Listed Companies' Market-Cap Hits Record High At Rs 160.68 Trillion","The S&P BSE Sensex is just 4 per cent away from its all-time high level of 42,273.87, touched on January 20, 2020.","/article/markets/bse-listed-companies-market-cap-hits-record-high-at-rs-160-68-trillion-120100900753_1.html",0
10/9/2020,"Business Standard","Future Group, Amazon To Initiate Arbitration Proceedings Over Ril Deal","Amazon says the deal violates the no-compete contract signed with the Future group and the RIL-Future deal will derail its plans to buy a stake in Fut...","/article/companies/future-group-amazon-to-initiate-arbitration-proceedings-over-ril-deal-120100801122_1.html",0
10/8/2020,"Press Trust of India","Jio Designed To Help India Lead Fourth Industrial Revolution: Mukesh Ambani","While it took 25 years for the Indian telecom industry to build its 2G network, Jio built its 4G network in only three years.","/article/companies/jio-designed-to-help-india-lead-fourth-industrial-revolution-mukesh-ambani-120100801749_1.html",0
10/7/2020,"Reuters","Amazon Sends Legal Notice To Future Group Over Reliance Deal: Report","Amazon, in its legal notice, cited a contract arrangement that included ""a restricted list"" of companies Future was not supposed to enter deals with, ...","/article/companies/amazon-sends-legal-notice-to-future-group-over-reliance-retail-deal-report-120100701581_1.html",0
10/7/2020,"Business Standard","Market Wrap:  Sensex Rises For 5Th Day, Ends 304 Pts Higher; Titan Gains 4%","All that happened in the markets today","/article/markets/market-live-markets-sensex-nifty-bse-nse-sgx-nifty-tcs-majesco-120100700157_1.html",0
10/7/2020,"Business Standard","Reliance Retail Vs Dmart: Why Ubs Thinks Ril May Emerge As The Winner","ADIA joins the league of Silver Lake, KKR, General Atlantic, Mubadala Investment Company, GIC, and TPG who have cumulatively invested Rs 37,710 crore ...","/article/markets/reliance-retail-vs-dmart-why-ubs-thinks-ril-may-emerge-as-the-winner-120100700498_1.html",0
10/7/2020,"Business Standard","Ril Up 3% As Abu Dhabi Investment Authority Picks Stake In Reliance Retail","With this investment, RRVL has raised Rs 37,710 crore from leading global investors including Silver Lake, KKR, General Atlantic, Mubadala, GIC, TPG a...","/article/markets/ril-gains-3-on-adia-rs-5-512-crore-investment-plan-in-reliance-retail-120100700258_1.html",0
10/7/2020,"Business Standard","Stocks To Watch: Tcs, Sbi, Ril, Bajaj Finance, Dixon Tech, Psp Projects","Here's a list of stocks that may trade actively in today's session.","/article/markets/stocks-to-watch-tcs-sbi-ril-bajaj-finance-dixon-tech-psp-projects-120100700187_1.html",0
10/7/2020,"Business Standard","Reliance Retail Ventures Likely To Divest Only 10-15% Stake: Sources","The large divestment was aimed at making RIL debt-free much earlier than its target of next March. RIL had a net debt of over Rs 160,000 crore","/article/companies/reliance-retail-ventures-likely-to-divest-only-10-15-stake-sources-120100700030_1.html",0
10/7/2020,"Business Standard","Abu Dhabi Investment Authority Invests Rs 5,512.50 Cr In Reliance Retail","With eight deals in four weeks, analysts were expecting the valuation of the firm to touch at least Rs 4.5 trillion","/article/companies/abu-dhabi-investment-authority-invests-rs-5-512-50-cr-in-reliance-retail-120100601480_1.html",0
10/5/2020,"Bloomberg","Can A Tata Vs Ambani 'Super-App' Battle Make Them India'S Alibaba-Tencent?","The 152-year-old Tata Group is talking to Walmart Inc. for a $25 billion investment in a ""super-app,"" a multipurpose online platform","/article/companies/can-a-tata-vs-ambani-super-app-battle-make-them-india-s-alibaba-tencent-120100500262_1.html",0
10/5/2020,"Business Standard","Market Wrap: Sensex Up 277 Pts; Tcs' M-Cap Tops Rs 10 Trn, Stock Jumps 7%","All that happened in the markets today","/article/markets/market-live-sgx-nifty-up-100-points-angel-broking-to-list-today-120100500127_1.html",0
10/5/2020,"Business Standard","Stocks To Watch: Tcs, Ril, Tata Motors, Vedanta, Banks, Hindalco, Hero Moto","Here's a list of stocks that may trade actively in today's session.","/article/markets/stocks-to-watch-tcs-ril-tata-motors-vedanta-banks-hindalco-hero-moto-120100500159_1.html",0
10/3/2020,"Reuters","Gic, Tpg To Invest About $1 Billion In Retail Arm, Says Reliance Industries","GIC will invest Rs 5,512 crore for a 1.22% stake, while TPG Capital will invest Rs 1,838 crore to own a 0.41% equity stake in the retail arm","/article/companies/gic-tpg-to-invest-about-1-billion-in-retail-arm-says-reliance-industries-120100300091_1.html",0
10/3/2020,"Business Standard","India Inc Seeks To Pare Debt Via Invits As Foreigners Are Keen To Invest","High interest rates, low-risk model key attractions for overseas investors","/article/companies/india-inc-seeks-to-pare-debt-via-invits-as-foreigners-are-keen-to-invest-120100200762_1.html",0
10/3/2020,"IANS","Investment Fund Tpg To Invest Rs 1,837 Crore In Reliance Retail Ventures","This investment values Reliance Retail at a pre-money equity value of Rs 4.285 trillion","/article/companies/investment-fund-tpg-to-invest-rs-1-837-crore-in-reliance-retail-ventures-120100300076_1.html",0
10/3/2020,"Business Standard","Singapore'S Gic To Invest Rs 5,512.5 Crore In Reliance Retail Ventures","GIC's investment will translate into a 1.22% equity stake in Reliance Retail on a fully diluted basis.","/article/companies/singapore-s-gic-to-invest-rs-5-512-5-crore-in-reliance-retail-ventures-120100300062_1.html",0
10/2/2020,"Business Standard","Rising In The Pandemic: What Makes Reliance So Attractive For Investors?","Reliance has raised more than $20 billion by selling stakes in Jio Platforms. Global investors including Facebook and Google bought a combined 33% in ...","/podcast/companies/rising-in-the-pandemic-what-makes-reliance-so-attractive-for-investors-120100200670_1.html",0
10/2/2020,"Business Standard","How Is Dmart Planning To Take On Mukesh Ambani'S Reliance Retail","Ramping up e-commerce operations and going beyond its current strongholds are key challenges for the grocery chain in its battle with Mukesh Ambani's ...","/article/companies/how-is-dmart-planning-to-take-on-mukesh-ambani-s-reliance-retail-120100101666_1.html",0
10/2/2020,"Business Standard","Reliance Jio'S Fibre Arm To Raise Rs 14,700 Cr Through Invit Offer","Another Rs 25,000 cr to be raised by way of debt","/article/companies/reliance-jio-s-fibre-arm-to-raise-rs-14-700-cr-through-invit-offer-120100101502_1.html",0
10/2/2020,"Business Standard","Mubadala Picks Up 1.4% Stake In Reliance Retail For Rs 6,247 Crore","This would take the combined investment by Silver Lake and its co-investors in Reliance Retail to Rs 9,375 crore in exchange for a 2.13 per cent stake","/article/companies/mubadala-picks-up-1-4-stake-in-reliance-retail-for-rs-6-247-crore-120100200050_1.html",0
10/1/2020,"Press Trust of India","Mubadala Picks Up 1.4% Stake In Reliance Retail For Rs 6,247.5 Cr","This is the second investment by Mubadala in a subsidiary of Reliance Industries","/article/companies/mubadala-picks-up-1-4-stake-in-reliance-retail-for-rs-6-247-5-cr-120100101258_1.html",0
10/1/2020,"Business Standard","Market Wrap: Sensex Jumps 629 Pts On Broad-Based Buying; Nifty Bank Up 3.7%","All that happened in the markets today","/article/markets/market-live-markets-sensex-nifty-bse-nse-sgx-nifty-covid-19-cams-120100100158_1.html",0
10/1/2020,"Business Standard","Stocks To Watch: Ril, Cams, Chemcon Speciality, Dhanlaxmi Bank, Auto Stocks","Here's a list of stocks that may trade actively in today's session.","/article/markets/stocks-to-watch-ril-cams-chemcon-speciality-dhanlaxmi-bank-auto-stocks-120100100182_1.html",0
10/1/2020,"Business Standard","General Atlantic To Invest Rs 3,675 Cr Into Reliance Retail For 0.84% Stake","Strategic investor to be inducted later; General Atlantic becomes third PE firm to infuse funds","/article/companies/general-atlantic-to-invest-rs-3-675-cr-into-reliance-retail-for-0-84-stake-120093001114_1.html",0
9/30/2020,"Press Trust of India","Silver Lake Co-Investors To Further Invest Rs 1,875 Cr In Reliance Retail","This brings the aggregate investmentby Silver Lake and its co-investors in RRVL to Rs 9,375 crore, which will translate into a 2.13%  equity stake in ...","/article/companies/silver-lake-co-investors-to-further-invest-rs-1-875-cr-in-reliance-retail-120093001704_1.html",0
9/30/2020,"Business Standard","Market Wrap: Sensex Gains 95 Pts, Nifty Ends At 11,227; Fmcg Stocks Advance","All that happened in the markets today","/article/markets/market-live-markets-sensex-nifty-bse-nse-sgx-nifty-covid-19-airtel-120093000160_1.html",0
9/30/2020,"Business Standard","Ril Gains 1% As General Atlantic To Invest Rs 3,675 Cr In Reliance Retail","General Atlantic's investment will translate into a 0.84 per cent equity stake in RRVL. The deal values Reliance Retail at a pre-money equity value of...","/article/markets/ril-up-1-as-general-atlantic-to-pick-up-0-84-stake-in-reliance-retail-120093000233_1.html",0
9/30/2020,"Business Standard","General Atlantic To Invest Rs 3,675 Cr In Reliance Retail For 0.84% Stake","This is the second such investment by General Atlantic in a Reliance venture following a Rs 6,598.38 crore investment in Jio Platforms announced earli...","/article/companies/general-atlantic-to-invest-rs-3675-cr-into-reliance-retail-for-0-84-equity-120093000179_1.html",0
9/30/2020,"Business Standard","Stocks To Watch: Ril, Lvb, Indiabulls Housing Finance, Pvr Ltd, It Stocks","Here's a list of stocks that may trade actively in today's session.","/article/markets/stocks-to-watch-ril-lvb-indiabulls-housing-finance-pvr-ltd-it-stocks-120093000194_1.html",0
9/29/2020,"Reuters","Mubadala In Advanced Talks To Invest Up To $1 Bn In Reliance Retail: Report","Reliance Retail is on a fund raising spree and has secured around $1.8 billion in the past few weeks from KKR & Co and Silver Lake Partners","/article/companies/mubadala-in-advanced-talks-to-invest-up-to-1-bn-in-reliance-retail-report-120092901591_1.html",0
9/28/2020,"Business Standard","Virtual Agms See Lower Shareholder Representation Amid Covid-19 Pandemic","TCS and M&M were outliers, recording a two-fold rise in representation","/article/companies/virtual-agms-see-lower-shareholder-representation-amid-covid-19-pandemic-120092800028_1.html",0
9/28/2020,"Business Standard","Stocks To Watch: Lakshmi Vilas Bk, Ril, Jsw Energy, Voda Idea, Surya Roshni","Here's a list of stocks that may trade actively in today's session.","/article/markets/stocks-to-watch-lakshmi-vilas-bk-ril-jsw-energy-voda-idea-surya-roshni-120092800169_1.html",0
9/25/2020,"Business Standard","Bharti Airtel Gains 5% After Falling 11% In 2 Trading Sessions","A lack of tariff hike visibility in the near term, success of Jio's renewed post-paid push, delayed reaction from Bharti to counter Jio will determine...","/article/markets/bharti-airtel-gains-5-after-11-fall-in-2-trading-days-120092500434_1.html",0
9/25/2020,"Business Standard","Stocks To Watch: It Stks, Cipla, Ril, Tcs, Tata Coffee, Mahindra & Mahindra","Here's a list of stocks that may trade actively in today's session","/article/markets/stocks-to-watch-it-stks-cipla-ril-tcs-tata-coffee-mahindra-mahindra-120092500209_1.html",0
9/25/2020,"Business Standard","Ril In Talks To Buy Electronics Chain In South, Deal May Hit Rs 3,000 Cr","Electronics Mart runs 60 stores and has 1.200 employees; chain was started in 1980 by local businessman Pavan Kumar Bajaj as ""Bajaj Electronics"" and l...","/article/companies/ril-in-talks-to-buy-electronics-chain-in-south-deal-may-hit-rs-3-000-cr-120092401238_1.html",0
9/24/2020,"Business Standard","Reliance Jio Starts In-Flight Mobile Services In 22 International Airlines","Reliance Jio has partnered with 22 international airlines for in-cabin mobile services, including voice, data and SMS","/article/companies/reliance-jio-starts-in-flight-mobile-services-on-22-international-airlines-120092400984_1.html",0
9/24/2020,"Business Standard","Global Sell-Off, Lockdown Fear: 5 Reasons Why Sensex Tanked 1,115 Pts Today","The S&P BSE Sensex plunged 1,172 points in the intra-day deals on the BSE, while Nifty50 index tanked 342 points on the NSE","/article/markets/global-sell-off-lockdown-fear-5-reasons-why-sensex-tanked-1-115-pts-today-120092400968_1.html",0
9/24/2020,"Business Standard","Pe Firm Kkr Picks Up 1.28% Stake In Reliance Retail For Rs 5,550 Crore","Second PE deal in two weeks; valuation same at Rs 4.2 trillion","/article/companies/pe-firm-kkr-picks-up-1-28-stake-in-reliance-retail-for-rs-5-550-crore-120092400063_1.html",0
9/23/2020,"Business Standard","Market Wrap: Indices End Flat, Sensex Slips 66 Pts; Bharti Airtel Falls 8%","All that happened in the markets today","/article/markets/market-live-markets-sensex-nifty-bse-nse-sgx-nifty-tata-motors-tcs-120092300169_1.html",0
9/23/2020,"Business Standard","Kkr To Invest Rs 5,550 Crore In Reliance Retail Ventures For 1.28% Equity","Earlier, Silver Lake had invested Rs 7,500 cr into Reliance Retail Ventures, valuing the business at about Rs 4.2 trillion","/article/companies/kkr-to-invest-rs-5-550-crore-in-reliance-retail-ventures-for-1-28-equity-120092300186_1.html",0
9/23/2020,"Business Standard","Telecom Shares Under Pressure; Bharti Airtel, Vodafone Idea Slip Over 6%","Reliance Jio announced a range of postpaid plans, including many firsts such as in-flight mobile connectivity","/article/markets/telecom-shares-pressure-bharti-airtel-vodafone-idea-slip-over-6-120092300453_1.html",0
9/23/2020,"Business Standard","Ril, Tv18 Broadcast: How To Trade Reliance Group Stocks Post 2Nd Kkr Deal","RIL soared 3 per cent to Rs 2,276.50 on the BSE on Wednesday in intra-day trade, after the company announced that global investment firm KKR will inve...","/article/markets/ril-tv18-broadcast-how-to-trade-reliance-group-stocks-post-2nd-kkr-deal-120092300383_1.html",0
9/23/2020,"Business Standard","Ril Soars 3% As Kkr To Pick 1.28% Stake In Reliance Retail For Rs 5,550 Cr","This marks the second investment by KKR in a Reliance subsidiary following Rs 11,367 crore-investment in Jio Platforms announced earlier this year","/article/markets/ril-gains-3-on-kkr-rs-5-550-cr-investment-plan-in-reliance-retail-ventures-120092300258_1.html",0
9/23/2020,"Business Standard","Stocks To Watch: Ril, Sun Pharma, Tata Group Stocks, Ioc, Airtel, Voda Idea","Here's a list of stocks that may remain in focus today.","/article/markets/stocks-to-watch-ril-sun-pharma-tata-group-stocks-ioc-airtel-voda-idea-120092300207_1.html",0
9/22/2020,"Business Standard","Reliance Jio Announces Range Of Postpaid Plans To Take On Rivals","In the June quarter, Airtel had the highest ARPU among telecom companies of Rs 157 followed by Jio (Rs 140).","/article/companies/reliance-jio-announces-range-of-postpaid-plans-to-take-on-rivals-120092201450_1.html",0
9/22/2020,"Business Standard","Jio Announces Jiopostpaid Plus Plans With Free Ott Apps Subscription & More","The Reliance Jio's JioPostpaid plans come bundled with free access to Jio apps suite. The plans start at Rs 399 and goes up to Rs 1,499","/article/companies/jio-announces-jiopostpaid-plus-plans-with-free-ott-apps-subscription-more-120092200918_1.html",0
9/20/2020,"Business Standard","Street Signs: Sebi Nav Rule, More Bumper Listings On The Cards, And More","Market players believe the new Sebi rule on net asset values (NAVs) will help capture the transactions on both asset and liability sides without any l...","/article/markets/street-signs-sebi-nav-rule-more-bumper-listings-on-the-cards-and-more-120092001004_1.html",0
9/16/2020,"Business Standard","Reliance Ind'S Partly Paid Shares Rally Over 100% Since Listing On June 15","The stock had made a stellar debut with the scrip ending at Rs 698, a 122% premium against the issuance price of Rs 314.25. Coupled with the listing d...","/article/markets/ril-s-partly-paid-share-price-rally-over-100-since-listing-on-june-15-120091600592_1.html",0
9/15/2020,"Business Standard","Stocks To Watch: Sail, Strides Pharma, Nbcc, Icici Bank, Future Enterprises","Here's a list of stocks that may remain in focus today.","/article/markets/stocks-to-watch-sail-strides-pharma-nbcc-icici-bank-future-enterprises-120091500171_1.html",0
9/13/2020,"Business Standard","Markets Likely To Stay In 'Buy On Dips' Phase: Bernstein'S Venugopal Garre","Markets have run ahead of fundamentals, but this has been a broad global trend, says Venugopal Garre","/article/markets/markets-likely-to-stay-in-buy-on-dips-phase-bernstein-s-venugopal-garre-120091300746_1.html",0
9/13/2020,"Business Standard","At $200-Billion Market Capitalisation, Reliance Industries Isn'T Like Faang","Morgan Stanley analysed how the Mukesh Ambani-led firm stacked up against eight global firms when they crossed the $200-billion milestone","/article/markets/at-200-billion-market-capitalisation-reliance-industries-isn-t-like-faang-120091300740_1.html",0
9/12/2020,"Bloomberg","For Big Tech, All Roads To India'S Digital Space Seem To Go Through Ambani","The 63-year-old Indian tycoon has identified technology and retail as future growth areas in a pivot away from the energy businesses he inherited from...","/article/companies/for-big-tech-all-roads-to-india-s-digital-space-seem-to-go-through-ambani-120091200152_1.html",0
9/11/2020,"Bloomberg","Mukesh Ambani'S $2 Chutzpah Unlocks Another Fortune For Reliance Industries","In four years, the Indian billionaire has amassed roughly 400 million customers for his mobile data business","/article/companies/mukesh-ambani-s-2-chutzpah-unlocks-another-fortune-for-reliance-industries-120091100642_1.html",0
9/11/2020,"Business Standard","Can Reliance Industries' Stock Hit Rs 3,000 Mark? Here'S What Charts Say","As per the weekly chart, the counter looks highly bullish till Rs 2000 level is defended. It also indicates a substantial rally is likely to emerge on...","/article/markets/can-reliance-industries-stock-hit-rs-3-000-mark-here-s-what-charts-say-120091100392_1.html",0
9/11/2020,"Business Standard","Stocks To Watch: Info Edge, Thyrocare Tech, Adani Green, Irctc, Ril, Yes Bk","Here's a list of stocks that may trade actively in today's trading session.","/article/markets/stocks-to-watch-info-edge-thyrocare-tech-adani-green-irctc-ril-yes-bk-120091100230_1.html",0
9/11/2020,"Bloomberg","Reliance To Offer $20-Bn Stake In Retail Business To Amazon: Report","Amazon hasn't made any final decision on the size of its potential investment, says Bloomberg","/article/companies/reliance-industries-to-offer-20-billion-stake-in-retail-business-to-amazon-120091000945_1.html",0
9/10/2020,"Business Standard","New Hiring At Ril Starts Tapering, Standalone Employee Count Declines","According to data RIL collates on its website, the company's number of employees in FY20 at a standalone level declined 9 per cent year-on-year","/article/companies/new-hiring-at-ril-starts-tapering-standalone-employee-count-declines-120091001681_1.html",0
9/10/2020,"Business Standard","Reliance Industries Becomes First Indian Firm To Top $200 Bn Market Cap","TCS is a distant second with market cap of $119 bn; Meanwhile, Mukesh Ambani cements his place as richest man in Asia, seventh-richest globally. His w...","/article/companies/reliance-industries-becomes-first-indian-firm-to-top-200-bn-market-cap-120091001546_1.html",0
9/10/2020,"Business Standard","Reliance Offers Amazon $20-Billion Stake In Retail Arm: Report","The report comes a day after RIL announced that US private equity firm Silver Lake Partners would buy a 1.75 per cent stake in Reliance Retail for Rs ...","/article/companies/amazon-could-buy-20-billion-stake-in-reliance-retail-report-120091000556_1.html",0
9/10/2020,"Business Standard","Reliance Industries Hits Record High; M-Cap Crosses Rs 15 Trillion Mark","The stock has gained 10 per cent in the past two trading days after Silver Lake on Wednesday agreed to invest Rs 7,500 crore ($1 billion) into Relianc...","/article/markets/reliance-industries-hits-record-high-market-cap-nears-rs-15-trillion-mark-120091000303_1.html",0
9/10/2020,"Business Standard","Market: Sensex Ends 646 Pts Higher As Ril Jumps 7%; Nifty Settles At 11,449","All that happened in the markets today","/article/markets/market-live-markets-sensex-nifty-bse-nse-sgx-covid-19-ril-hal-120091000171_1.html",0
9/10/2020,"Business Standard","Stocks To Watch: Ril, Bharat Dynamics, Indiabulls Housing Fin, Adani Power","Here's a list of stocks that may trade actively in today's session.","/article/markets/stocks-to-watch-ril-bharat-dynamics-indiabulls-housing-fin-adani-power-120091000192_1.html",0
9/10/2020,"Reuters","Middle East Funds Eye Stakes Worth Over $750 Mn In Reliance Retail: Report","The discussions come as Reliance earlier in the day said US private equity firm Silver Lake Partners will invest $1.02 billion in its retail business","/article/companies/middle-east-funds-eye-stakes-worth-over-750-mn-in-reliance-retail-report-120091000160_1.html",0
9/9/2020,"Business Standard","Reliance Industries: Retail Valuations May Cap Near Term Upsides For Stock","The investment for a 1.75 per cent equity stake values the retail business at Rs 4.21 trillion","/article/companies/reliance-industries-retail-valuations-may-cap-near-term-upsides-for-stock-120090901578_1.html",0
9/9/2020,"Bloomberg","Kkr In Advanced Talks To Invest $1 Billion For Stake In Reliance Retail","KKR is in discussions for a stake in Reliance Retail Ventures Ltd., a unit of the largest retailer in India, said the people, who asked not to be iden...","/article/companies/kkr-in-advanced-talks-to-invest-1-billion-for-stake-in-reliance-retail-120090900390_1.html",0
9/9/2020,"Business Standard","Ril Gains 1% As Silver Lake To Invest Rs 7,500 Crore In Reliance Retail","This investment values RRVL at a pre-money equity value of Rs 4.21 trillion","/article/markets/ril-up-1-as-silver-lake-to-invest-rs-7-500-cr-in-reliance-retail-venture-120090900294_1.html",0
9/9/2020,"Business Standard","Silver Lake To Invest Rs 7,500 Cr In Reliance Retail For 1.75% Equity","The investment in Reliance Retail comes a day after it led a $500 million funding round for Byju's that valued the Indian online education platform at...","/article/companies/silver-lake-to-invest-rs-7-500-cr-in-reliance-retail-for-1-75-equity-120090900270_1.html",0
9/8/2020,"Business Standard","Market: Sensex Erases Day'S Gains, Ends 52 Pts Lower; Bharti Airtel Dips 3%","All that happened in the markets today","/article/markets/market-live-sensex-nifty-bse-nse-sgx-nifty-covid-19-bharat-dynamics-120090800140_1.html",0
9/8/2020,"Business Standard","Stocks To Watch: Banks, Ril, Vodafone Idea, Irctc, Bharat Dynamics, Wipro","Here's a list of stocks that may trade actively today.","/article/markets/stocks-to-watch-banks-ril-vodafone-idea-irctc-bharat-dynamics-wipro-120090800185_1.html",0
9/8/2020,"Business Standard","Reliance Industries Taps Facebook, Kkr For Investment In Retail Biz","Silver Lake Partners reportedly eyeing stake worth $1 billion in Reliance Retail","/article/companies/reliance-industries-taps-facebook-kkr-for-investment-in-retail-biz-120090701604_1.html",0
9/7/2020,"Business Standard","Bofa Securities Bets On Ril'S 'Layer Of Commerce', Maintains 'Buy'","RIL's approach of owning the ""pipe"" as well as the ""services"" offered on the pipe should help it keep the subscriber base captive, the brokerage says.","/article/markets/bofa-securities-bets-on-ril-s-layer-of-commerce-maintains-buy-120090700435_1.html",0
9/6/2020,"Press Trust of India","8 Of Top-10 Valued Firms Lose Rs 1.11 Trn In M-Cap; Icici, Ril Worst Hit","Tata Consultancy Services and HDFC Bank were the only gainers among the 10 most valued listed firms","/article/companies/8-of-top-10-valued-firms-lose-rs-1-11-trn-in-m-cap-icici-ril-worst-hit-120090600509_1.html",0
9/4/2020,"Business Standard","Market: Sensex Tanks 634 Pts On Broad-Based Sell-Off; Nifty Bank Slips 2%","All that happened in the markets today","/article/markets/market-live-markets-sensex-nifty-bse-nse-sgx-nifty-covid-19-ril-120090400144_1.html",0
9/4/2020,"Business Standard","Stocks To Watch: Ril, Infosys, Vodafone Idea, Itc, Tata Motors, Kec Int'L","Here's a list of stocks that may trade actively in today's session.","/article/markets/stocks-to-watch-ril-infosys-vodafone-idea-itc-tata-motors-kec-int-l-120090400178_1.html",0
9/4/2020,"Reuters","Silver Lake In Talks To Take $1 Billion Stake In Reliance Retail: Report","Reliance, an oil-to-telecoms conglomerate controlled by India's richest man, Mukesh Ambani, is pitching its retail business as a formidable force","/article/companies/silver-lake-in-talks-to-take-1-billion-stake-in-reliance-retail-report-120090400139_1.html",0
9/2/2020,"Business Standard","Isha, Akash Ambani, Byju, Poonawalla Debut On Fortune'S '40 Under 40' List","The list covers five sectors including finance, technology, health, government/politics and media/entertainment","/article/companies/isha-akash-ambani-byju-poonawala-debut-on-fortune-s-40-under-40-list-120090201861_1.html",0
9/2/2020,"Press Trust of India","Isha, Akash Ambani, Byju Debut On Fortune'S '40 Under 40' Influencer List","Fortune magazine said executives have moved quickly to support and empower employees while grappling with daunting challenges to the way their busines...","/article/companies/isha-akash-ambani-byju-debut-on-fortune-s-40-under-40-influencer-list-120090201781_1.html",0
9/2/2020,"Business Standard","Why Premjis, Ambanis And Nadars Beat Non-Family Run Companies","Family-owned businesses outdo peers in returns since 2006, suggests a Credit Suisse report","/article/markets/why-premjis-ambanis-and-nadars-beat-non-family-run-companies-120090200854_1.html",0
9/1/2020,"Reuters","Reliance Future-Proofs Retail Arm As It Seeks To Woo Potential Investors","The acquisition of Future Group's 2,000 retail stores and Big Bazaar grocery chain will help Reliance, which sells everything from groceries to electr...","/article/companies/reliance-future-proofs-retail-arm-as-it-seeks-to-woo-potential-investors-120090101214_1.html",0
9/1/2020,"Business Standard","Sensex Up 273 Pts; Bharti Airtel Up 7%, Voda Idea Dips 13% Post Agr Verdict","All that happened in the markets today","/article/markets/market-live-sensex-nifty-bse-nse-sgx-nifty-covid-19-gdp-agr-airtel-120090100150_1.html",0
9/1/2020,"Business Standard","Voda Idea Slips 25% From Day'S High; Airtel Up 6% Post Sc Agr Verdict","The Supreme Court has allowed telcos to pay their outstanding dues in 10 years.","/article/markets/vodaidea-slips-25-from-day-s-high-airtel-up-6-post-sc-agr-verdict-120090100575_1.html",0
9/1/2020,"Business Standard","Ambani-Biyani Deal: Future Group'S Footprint To Shrink By 80% In Revenue","Future would be one of the top contract manufacturers in FMCG, fashion space but with wafer-thin margin","/article/companies/ambani-biyani-deal-future-group-s-footprint-to-shrink-by-80-in-revenue-120083101759_1.html",0
9/1/2020,"Business Standard","Jio Takes On Rivals, Rolls Out New Broadband Plans Starting At Rs 399","Plans to be rolled out from today","/article/companies/jio-takes-on-rivals-rolls-out-new-broadband-plans-starting-at-rs-399-120090100039_1.html",0
8/31/2020,"Business Standard","Ambani-Biyani Deal: Retail Arm Leads Future Firms' Rally On Bourses","As part of the deal announced on Saturday, Future Group will be selling its retail assets to Reliance Retail in a deal pegged at Rs 24,713 crore","/article/companies/ambani-biyani-deal-retail-arm-leads-future-firms-rally-on-bourses-120083101773_1.html",0
8/31/2020,"Business Standard","Reliance Retail-Future Group Deal: Traders Worried Over Retail Mkt Monopoly","Praveen Khandelwal, secretary general of Confederation of All India Traders said the deal will lead to monopoly and consequently unfair domination by ...","/article/companies/reliance-retail-future-group-deal-traders-worried-over-retail-mkt-monopoly-120083101762_1.html",0
8/31/2020,"Business Standard","Reliance Retail Likely To Cut Down On Back-End Staff After Future Deal","Store staff to be retained, say sources","/article/companies/reliance-retail-likely-to-cut-down-on-back-end-staff-after-future-deal-120083101354_1.html",0
8/31/2020,"Business Standard","Sensex Tumbles 839 Pts On Broad-Based Sell-Off; Nifty Bank Declines Over 3%","All that happened in the markets today","/article/markets/market-live-sensex-nifty-bse-nse-sgx-nifty-ril-gdp-future-group-120083100120_1.html",0
8/31/2020,"Business Standard","Trading Strategy For Ril, Future Retail, Future Consumer, Future Lifestyle","The deal between the retail arm of RIL and Future Group has brought back focus on the related stocks. Here are the key levels track before you make an...","/article/markets/trading-strategy-for-ril-future-retail-future-consumer-future-lifestyle-120083100344_1.html",0
8/31/2020,"Business Standard","Ril-Future Group Deal: Ril Shares Rally Over 2.5%; Future Group Stocks Jump","Shares of RIL had hit an all-time high of Rs 2,198.70 on July 27, 2020.","/article/markets/ril-future-group-deal-ril-shares-rally-over-2-5-future-group-stocks-jump-120083100246_1.html",0
8/31/2020,"Business Standard","The Future Is In Good Hands; But Will The Promoter Buyout Come Later?","Mukesh Ambani, despite being a later starter in the Retail Business, is today the undisputed emperor.","/article/markets/the-future-is-in-good-hands-but-will-the-promoter-buyout-come-later-120083100185_1.html",0
8/31/2020,"Business Standard","Stocks To Watch: Ril, Itc, Rbl Bank, Wockhardt, Financials, Jk Cement","Here's a list of the stocks that may trade actively in today's trading session","/article/markets/stocks-to-watch-ril-itc-rbl-bank-wockhardt-financials-jk-cement-120083100149_1.html",0
8/31/2020,"Business Standard","Reliance-Future Group Deal To Save Lenders From Rs 12,000-Crore Hit","The financial instruments of Future group have gone through multiple rating downgrades in recent months due to the delay in payments","/article/companies/future-group-reliance-deal-expected-to-address-financial-risks-to-lenders-120083000747_1.html",0
8/31/2020,"Business Standard","Ambani-Biyani Deal: Ril Spreads Wings To Become A Dominant Player In Retail","Gets scale, massive presence, higher valuation of its retail business, and inherits the entire logistics and distribution chain","/article/companies/ambani-biyani-deal-ril-spreads-wings-to-become-a-dominant-player-in-retail-120083100042_1.html",0
8/31/2020,"Business Standard","Bpcl Consumers To Get Cooking Gas Subsidy After Privatisation Too","Move may open up subsidised LPG sector to private marketers","/article/economy-policy/bpcl-consumers-to-get-cooking-gas-subsidy-after-privatisation-too-120083100028_1.html",0
8/30/2020,"Press Trust of India","Future Goes To Ril: Biyani, Pioneer Of Retail, Bows To Winds Of Change","Biyani (59), who started his business in 1987 by launching Manz Wear which later adopted the brand name of Pantaloon, has agreed to hand over the cont...","/article/companies/future-goes-to-ril-biyani-pioneer-of-retail-bows-to-winds-of-change-120083000111_1.html",0
8/29/2020,"Business Standard","Future Enterprises Board Meet On September 7, To Take Up Ril Deal Today","Company's board to meet today on sale of retail arms to RIL","/article/companies/domestic-lenders-ask-future-enterprises-to-expedite-insurance-stake-sale-120082801425_1.html",0
8/28/2020,"Business Standard","Jiomart Sees Order Flow At Four Times Of Pre-Lockdown Period For Kiranas","Robust omni-channel network in the offing, says Reliance Retail's FY20 annual report","/article/companies/jiomart-sees-order-flow-at-four-times-of-pre-lockdown-period-for-kiranas-120082801250_1.html",0
8/28/2020,"Business Standard","Telecom Stocks Rally; Vodafone Idea Surges 17%, Bharti Airtel Up 2%","The telecom companies are awaiting the Supreme Court's judgement in the adjusted gross revenue (AGR) case","/article/markets/telecom-stocks-rally-vodafone-idea-surges-17-bharti-airtel-up-2-120082800492_1.html",0
8/27/2020,"Business Standard","F&O Expiry: Indices Gain For 5Th Day, Nifty Above 11,550; Dlf Advances 10%","All that happened in the markets today","/article/markets/market-live-markets-sensex-nifty-bse-nse-sgx-nifty-coronavirus-hal-120082700169_1.html",0
8/27/2020,"Business Standard","Future Enterprises' Board To Meet On Saturday, To Discuss Raising Funds","A source said the board would also look at the proposal to merge three other listed entities of the Future group with FEL","/article/companies/future-enterprises-board-to-meet-on-saturday-to-discuss-raising-funds-120082700098_1.html",0
8/21/2020,"Business Standard","Bharti Airtel Gets Ready To Take On Reliance Jio In 5G Vran Space","Tech to be tested once spectrum is available","/article/companies/bharti-airtel-gets-ready-to-take-on-reliance-jio-in-5g-vran-space-120082100076_1.html",0
8/21/2020,"Business Standard","Future Enterprises Board Likely To Discuss Merger Plan On Saturday","RIL may pick up 50% in merged entity","/article/companies/future-enterprises-board-likely-to-discuss-merger-plan-on-saturday-120082100066_1.html",0
8/19/2020,"Business Standard","Chemists' Body Writes To Mukesh Ambani Against Ril'S Investment In Netmeds","The letter has also been addressed to Prime Minister Narendra Modi, Union Home Minister Amit Shah, Commerce and Industry Minister Piyush Goyal and oth...","/article/companies/chemists-body-writes-to-mukesh-ambani-against-ril-s-investment-in-netmeds-120081901816_1.html",0
8/19/2020,"Business Standard","From Telecom To Retail, Ril Splurges $3.1 Bn In 3 Years On Acquisitions","Netmeds latest in long list of firms in which it has picked up stakes","/article/companies/from-telecom-to-retail-ril-splurges-3-1-bn-in-3-years-on-acquisitions-120081901771_1.html",0
8/19/2020,"Business Standard","Market Wrap: Indices Gain For 3Rd Day, Sensex Up 86 Pts; Psu Banks Rally","All that happened in the markets today","/article/markets/market-live-markets-sensex-nifty-bse-nse-sgx-nifty-covid-19-ril-120081900135_1.html",0
8/19/2020,"Business Standard","Consolidation In The E-Pharmacy Space And The Reliance Industries Game Plan","The Netmeds acquisition will help it enter online drug sales, making it an integrated player. The firm has a ready customer base of 400 mn mobile user...","/article/companies/consolidation-in-the-e-pharmacy-space-and-the-reliance-industries-game-plan-120081900559_1.html",0
8/19/2020,"Business Standard","Ril, Indiabulls Real Estate: How To Trade These News-Driven Stocks","Here are the key levels for the two stocks you need to keep a tab on before making any fresh investment in these counters","/article/markets/ril-indiabulls-real-estate-how-to-trade-these-news-driven-stocks-120081900244_1.html",0
8/19/2020,"Business Standard","Ril Shares Gain Nearly 1.5% Post Acquisition Of Majority Stake In Netmeds","RIL's acquisition comes at a time when arch-rival Amazon has just started selling pharmaceutical products in Bangalore markets.","/article/markets/ril-shares-gain-nearly-1-5-post-acquisition-of-majority-stake-in-netmeds-120081900242_1.html",0
8/19/2020,"Business Standard","Stocks To Watch: Ril, Indiabulls Real Estate, Zeel, Hal, Muthoot Finance","Here's a list of stocks that may trade actively in today's trading session.","/article/markets/stocks-to-watch-ril-indiabulls-real-estate-zeel-hal-muthoot-finance-120081900164_1.html",0
8/18/2020,"Bloomberg","Richest Asian, Mukesh Ambani Is On A Shopping Spree In Race Against Amazon","Reliance Industries Ltd is in various stages of negotiations to either buy out or purchase stakes in Urban Ladder, Zivame, Netmeds","/article/companies/richest-asian-mukesh-ambani-is-on-a-shopping-spree-in-race-against-amazon-120081800546_1.html",0
8/18/2020,"Business Standard","Hdfc Bank, Ril Help Sensex Settle 478 Pts Higher; Nifty Ends At 11,385","All that happened in the markets today","/article/markets/market-live-sensex-nifty-bse-nse-sgx-nifty-covid-19-hdfc-bank-ril-120081800148_1.html",0
8/17/2020,"Business Standard","Stocks To Watch: Tata Steel, Tata Motors, Icici Bank, Ril, Berger Paints","Here's a list of stocks that may trade actively in today's trading session.","/article/markets/stocks-to-watch-tata-steel-tata-motors-icici-bank-ril-berger-paints-120081700080_1.html",0
8/17/2020,"Business Standard","Reliance In Talks To Acquire Urban Ladder, Milkbasket, Says Report","According to a report, the discussion with Urban Ladder has been going on for the last few months and is now at an advanced stage","/article/companies/ril-in-talks-to-acquire-urban-ladder-milkbasket-capture-e-commerce-market-120081700053_1.html",0
8/15/2020,"Business Standard","Changing Times: Social Puts The Zing Into E-Commerce In Tier-2, 3 Cities","Investors pouring big bucks into social commerce to tap India's large lower income group market","/article/companies/changing-times-social-puts-the-zing-into-e-commerce-in-tier-2-3-cities-120081500080_1.html",0
8/14/2020,"Business Standard","Telecom Stocks Trade Flat Ahead Of Today'S Sc Hearing On Agr Payments","In its last hearing, the SC had asked the Centre to prepare a plan for recovering AGR dues from bankrupt telecom operators","/article/markets/telecom-stocks-trade-flat-ahead-of-today-s-sc-hearing-on-agr-payments-120081400653_1.html",0
8/14/2020,"Business Standard","Stock Of This Ril-Owned Company Has Jumped 600% From March Low","The rally, some analysts argue, comes on the back of the company's change in focus from being a textile play to manufacturing protective gear in battl...","/article/markets/stock-of-this-ril-owned-company-has-jumped-600-from-march-low-120081400552_1.html",0
8/13/2020,"Reuters","Bytedance In Talks With Reliance For Investment In Tiktok: Report","The government in June banned 59 Chinese apps, including TikTok and WeChat, for threatening its ""sovereignty and integrity"" after border tensions with...","/article/companies/bytedance-in-talks-with-reliance-industries-for-investing-in-tiktok-report-120081300251_1.html",0
8/12/2020,"Business Standard","Reliance Plans To Follow Jio'S Success In E-Commerce, Retail, Other Biz","Next on the list: media and entertainment, e-commerce, a series of online businesses, and retail","/article/companies/reliance-plans-to-follow-jio-s-success-in-e-commerce-retail-other-biz-120081200083_1.html",0
8/12/2020,"Press Trust of India","Reliance Jumps 10 Places, Breaks Into Fortune'S Top 100 Global Companies","The oil-to-telecom conglomerate is ranked 96th in the 2020 ranking released by Fortune","/article/companies/reliance-jumps-10-places-breaks-into-fortune-s-top-100-global-companies-120081101129_1.html",0
8/10/2020,"Bloomberg","Aramco Still Working On Deal To Buy $15 Bn Stake In Reliance Industries","Reliance's shares fell in mid-July after Chairman Mukesh Ambani said a transaction had been delayed ""due to unforeseen circumstances in the energy mar...","/article/companies/aramco-still-working-on-deal-to-buy-15-bn-stake-in-reliance-industries-120081001598_1.html",0
8/10/2020,"Press Trust of India","Reliance'S Asset Monetisation Over 4 Months To Boost Credit Quality: S&P","The oil-to-telecom conglomerate has amassed Rs 2.1 trillion in investment proceeds since Facebook announced its investment in its digital unit Jio Pla...","/article/companies/reliance-s-asset-monetisation-over-4-months-to-boost-credit-quality-s-p-120081000860_1.html",0
8/10/2020,"Business Standard","Market Wrap: Sensex Gains 142 Pts, Nifty Ends At 11,270; Pharma Stocks Zoom","All that happened in the markets today","/article/markets/market-live-sensex-nifty-bse-nse-sgx-nifty-covid-19-agr-airtel-120081000127_1.html",0
8/10/2020,"Business Standard","Stocks To Watch: Defence-Related Stocks, Telcos, Ril, Cipla, Eveready, Bpcl","Here's a list of stocks that may remain in focus today","/article/markets/stocks-to-watch-defence-related-stocks-telcos-ril-cipla-eveready-bpcl-120081000151_1.html",0
8/9/2020,"Press Trust of India","15-Year Plan To Convert Reliance Industries Into New Energy Company","While the company will remain a user of crude oil and natural gas, it is looking to embrace new technologies to convert CO2 into useful products and c...","/article/companies/15-year-plan-to-convert-reliance-industries-into-new-energy-company-120080900385_1.html",0
8/8/2020,"Bloomberg","Mukesh Ambani Eclipses Europe'S Wealthiest Man, Becomes World'S 4Th Richest","Ambani has slowly been shifting his focus to e-commerce, with tech giants seeking to take a piece of India's fast-growing digital business","/article/companies/mukesh-ambani-eclipses-europe-s-wealthiest-man-becomes-world-s-4th-richest-120080800770_1.html",0
8/8/2020,"Business Standard","Japanese E-Commerce Giant Rakuten Gets Indian Firms On Board For 5G","Rakuten is tying up with Indian companies such as Sterlite Technologies for hardware and HCL, Wipro, and Tech Mahindra for software","/article/companies/japanese-e-commerce-giant-rakuten-gets-indian-firms-on-board-for-5g-120080800033_1.html",0
8/5/2020,"Press Trust of India","Reliance Industries Now The Second Biggest Brand Globally After Apple","""This year's highest entrant at number two, Reliance Industries excels on every attribute,"" FutureBrand said, releasing its 2020 Index","/article/companies/reliance-industries-now-the-second-biggest-brand-globally-after-apple-120080501236_1.html",0
8/5/2020,"Business Standard","Ril'S Heft Adds To Fund Managers' Woes As Stock Makes Up 20% Of Sensex","Large-cap MFs risk face risk of losing out on the rally","/article/companies/ril-s-heft-adds-to-fund-managers-woes-as-stock-makes-up-20-of-sensex-120080401326_1.html",0
8/4/2020,"Business Standard","Ril Close To Acquiring Future Retail, Finalises Plan With Lenders","RIL, Future stocks go up on finalisation of acquisition talks","/article/companies/ril-close-to-acquiring-future-retail-finalises-plan-with-lenders-120080401126_1.html",0
8/4/2020,"Business Standard","Covid-19: From Ril, To Tata Projects, India Inc Goes For Antibody Testing","RIL, JSW, and Tata Projects, among others, testing all employees and also building databases","/article/companies/covid-19-from-ril-to-tata-projects-india-inc-goes-for-antibody-testing-120080400048_1.html",0
8/1/2020,"Business Standard","Time To Make 2G Telecom Services Part Of History, Says Mukesh Ambani","Reliance Jio shares platform with Bharti Airtel to ring in 25 years of mobile telephony","/article/companies/time-to-make-2g-services-part-of-history-ril-chairman-mukesh-ambani-120080100021_1.html",0
7/31/2020,"Business Standard","Market Wrap: Sensex Slips 129 Pts, Nifty Ends At 11,073; Ril Declines 2%","All that happened in the markets today","/article/markets/market-live-markets-sensex-nifty-bse-nse-sgx-nifty-covid-19-ril-120073100151_1.html",0
7/31/2020,"Business Standard","Ril Slips Nearly 2% After June Quarter Result; Here'S What Brokerages Say","For the April-June period, RIL reported a profit befote tax (PBT) of Rs 8,542 crore against Rs 14,366 crore in the year-ago period.","/article/markets/ril-slips-nearly-2-after-june-quarter-result-here-s-what-brokerages-say-120073100374_1.html",0
7/31/2020,"Business Standard","Stocks To Watch: Ril, Sbi, Tata Motors, Sun Pharma, Indian Oil, Wipro, Lvb","Here's a list of stocks that may remain in focus today","/article/markets/stocks-to-watch-ril-sbi-tata-motors-sun-pharma-indian-oil-wipro-lvb-120073100190_1.html",0
7/31/2020,"Business Standard","Reliance Jio Pre-Tax Profit Zooms 147% In June Quarter, Revenue Up 33.7%","Ebitda for the June quarter grew 55.4 per cent to Rs 7,281 crore","/article/companies/reliance-jio-pre-tax-profit-zooms-147-in-june-quarter-revenue-up-33-7-120073100040_1.html",0
7/31/2020,"Business Standard","Ril'S Pre-Tax Profit Dips 40% As Covid-19 Hits Energy, Retail Businesses","Net profit surges 31%, boosted by exceptional gain of Rs 4,966 crore from BP transaction","/article/companies/ril-s-pre-tax-profit-dips-40-as-covid-19-hits-energy-retail-businesses-120073100005_1.html",0
7/30/2020,"Business Standard","Lic'S Portfolio Up 34% In Fy21 At Rs 5.79 Trn; Ril, Infy Top Contributors","The study is based on 351 companies' data from Capitaline Plus, where LIC held over 1 percentage point stake in the June quarter. These companies acco...","/article/markets/lic-s-portfolio-up-34-in-fy21-at-rs-5-79-trn-ril-infy-top-contributors-120073000476_1.html",0
7/30/2020,"Business Standard","Ril'S Profit Before Tax Dips 6%; Petroleum Retail Biz Valued At $2.04 Bn","Its total income stood at Rs 95,626 crore against Rs 165,199 crore recorded in April-June 2019 indicating improved margins","/article/companies/ril-s-profit-before-tax-dips-6-petroleum-retail-biz-valued-at-2-04-bn-120073001778_1.html",0
7/30/2020,"Business Standard","Ril Posts 31 % Yoy Rise In Q1 Consolidated Net Profit At Rs 13,233 Crore","Revenue from operations came in at Rs 91,238 crore, down 43.8 per cent from the June 2019 quarter","/article/markets/ril-posts-31-yoy-rise-in-q1-consolidated-net-profit-at-rs-13-233-crore-120073001744_1.html",0
7/30/2020,"Business Standard","F&O Expiry: Financials Drag Indices, Sensex Falls 335 Pts; Hdfc Slips 4%","All that happened in the markets today","/article/markets/market-live-us-fed-sensex-nifty-bse-sgx-nifty-covid-19-ril-hdfc-120073000155_1.html",0
7/30/2020,"Business Standard","Stocks To Watch: Ril, Hdfc, Bharti Airtel, Indigo, Dabur India, Tvs Motor","Here's a list of stocks that may remain in focus today.","/article/markets/stocks-to-watch-ril-hdfc-bharti-airtel-indigo-dabur-india-tvs-motor-120073000203_1.html",0
